,links
0,/stats/events/?CFID=&CFPARAMS=&ContextMeasure=FGM&GameID=&PlayerID=0&Season=2014-15&SeasonType=Regular%20Season&TeamID=1610612744&flag=3&sct=plot&section=game
1,/stats/events/?CFID=&CFPARAMS=&ContextMeasure=FGA&GameID=&PlayerID=0&Season=2014-15&SeasonType=Regular%20Season&TeamID=1610612744&flag=3&sct=plot&section=game
8,/stats/events/?CFID=&CFPARAMS=&ContextMeasure=TOV&GameID=&PlayerID=0&Season=2014-15&SeasonType=Regular%20Season&TeamID=1610612744&flag=1&sct=plot&section=game
13,/stats/events/?CFID=&CFPARAMS=&ContextMeasure=FGM&GameID=&PlayerID=0&Season=2014-15&SeasonType=Regular%20Season&TeamID=1610612737&flag=3&sct=plot&section=game
14,/stats/events/?CFID=&CFPARAMS=&ContextMeasure=FGA&GameID=&PlayerID=0&Season=2014-15&SeasonType=Regular%20Season&TeamID=1610612737&flag=3&sct=plot&section=game
21,/stats/events/?CFID=&CFPARAMS=&ContextMeasure=TOV&GameID=&PlayerID=0&Season=2014-15&SeasonType=Regular%20Season&TeamID=1610612737&flag=1&sct=plot&section=game
26,/stats/events/?CFID=&CFPARAMS=&ContextMeasure=FGM&GameID=&PlayerID=0&Season=2014-15&SeasonType=Regular%20Season&TeamID=1610612745&flag=3&sct=plot&section=game
27,/stats/events/?CFID=&CFPARAMS=&ContextMeasure=FGA&GameID=&PlayerID=0&Season=2014-15&SeasonType=Regular%20Season&TeamID=1610612745&flag=3&sct=plot&section=game
34,/stats/events/?CFID=&CFPARAMS=&ContextMeasure=TOV&GameID=&PlayerID=0&Season=2014-15&SeasonType=Regular%20Season&TeamID=1610612745&flag=1&sct=plot&section=game
39,/stats/events/?CFID=&CFPARAMS=&ContextMeasure=FGM&GameID=&PlayerID=0&Season=2014-15&SeasonType=Regular%20Season&TeamID=1610612746&flag=3&sct=plot&section=game
40,/stats/events/?CFID=&CFPARAMS=&ContextMeasure=FGA&GameID=&PlayerID=0&Season=2014-15&SeasonType=Regular%20Season&TeamID=1610612746&flag=3&sct=plot&section=game
47,/stats/events/?CFID=&CFPARAMS=&ContextMeasure=TOV&GameID=&PlayerID=0&Season=2014-15&SeasonType=Regular%20Season&TeamID=1610612746&flag=1&sct=plot&section=game
52,/stats/events/?CFID=&CFPARAMS=&ContextMeasure=FGM&GameID=&PlayerID=0&Season=2014-15&SeasonType=Regular%20Season&TeamID=1610612763&flag=3&sct=plot&section=game
53,/stats/events/?CFID=&CFPARAMS=&ContextMeasure=FGA&GameID=&PlayerID=0&Season=2014-15&SeasonType=Regular%20Season&TeamID=1610612763&flag=3&sct=plot&section=game
60,/stats/events/?CFID=&CFPARAMS=&ContextMeasure=TOV&GameID=&PlayerID=0&Season=2014-15&SeasonType=Regular%20Season&TeamID=1610612763&flag=1&sct=plot&section=game
65,/stats/events/?CFID=&CFPARAMS=&ContextMeasure=FGM&GameID=&PlayerID=0&Season=2014-15&SeasonType=Regular%20Season&TeamID=1610612759&flag=3&sct=plot&section=game
66,/stats/events/?CFID=&CFPARAMS=&ContextMeasure=FGA&GameID=&PlayerID=0&Season=2014-15&SeasonType=Regular%20Season&TeamID=1610612759&flag=3&sct=plot&section=game
73,/stats/events/?CFID=&CFPARAMS=&ContextMeasure=TOV&GameID=&PlayerID=0&Season=2014-15&SeasonType=Regular%20Season&TeamID=1610612759&flag=1&sct=plot&section=game
78,/stats/events/?CFID=&CFPARAMS=&ContextMeasure=FGM&GameID=&PlayerID=0&Season=2014-15&SeasonType=Regular%20Season&TeamID=1610612739&flag=3&sct=plot&section=game
79,/stats/events/?CFID=&CFPARAMS=&ContextMeasure=FGA&GameID=&PlayerID=0&Season=2014-15&SeasonType=Regular%20Season&TeamID=1610612739&flag=3&sct=plot&section=game
86,/stats/events/?CFID=&CFPARAMS=&ContextMeasure=TOV&GameID=&PlayerID=0&Season=2014-15&SeasonType=Regular%20Season&TeamID=1610612739&flag=1&sct=plot&section=game
91,/stats/events/?CFID=&CFPARAMS=&ContextMeasure=FGM&GameID=&PlayerID=0&Season=2014-15&SeasonType=Regular%20Season&TeamID=1610612757&flag=3&sct=plot&section=game
92,/stats/events/?CFID=&CFPARAMS=&ContextMeasure=FGA&GameID=&PlayerID=0&Season=2014-15&SeasonType=Regular%20Season&TeamID=1610612757&flag=3&sct=plot&section=game
99,/stats/events/?CFID=&CFPARAMS=&ContextMeasure=TOV&GameID=&PlayerID=0&Season=2014-15&SeasonType=Regular%20Season&TeamID=1610612757&flag=1&sct=plot&section=game
104,/stats/events/?CFID=&CFPARAMS=&ContextMeasure=FGM&GameID=&PlayerID=0&Season=2014-15&SeasonType=Regular%20Season&TeamID=1610612741&flag=3&sct=plot&section=game
105,/stats/events/?CFID=&CFPARAMS=&ContextMeasure=FGA&GameID=&PlayerID=0&Season=2014-15&SeasonType=Regular%20Season&TeamID=1610612741&flag=3&sct=plot&section=game
112,/stats/events/?CFID=&CFPARAMS=&ContextMeasure=TOV&GameID=&PlayerID=0&Season=2014-15&SeasonType=Regular%20Season&TeamID=1610612741&flag=1&sct=plot&section=game
117,/stats/events/?CFID=&CFPARAMS=&ContextMeasure=FGM&GameID=&PlayerID=0&Season=2014-15&SeasonType=Regular%20Season&TeamID=1610612742&flag=3&sct=plot&section=game
118,/stats/events/?CFID=&CFPARAMS=&ContextMeasure=FGA&GameID=&PlayerID=0&Season=2014-15&SeasonType=Regular%20Season&TeamID=1610612742&flag=3&sct=plot&section=game
125,/stats/events/?CFID=&CFPARAMS=&ContextMeasure=TOV&GameID=&PlayerID=0&Season=2014-15&SeasonType=Regular%20Season&TeamID=1610612742&flag=1&sct=plot&section=game
130,/stats/events/?CFID=&CFPARAMS=&ContextMeasure=FGM&GameID=&PlayerID=0&Season=2014-15&SeasonType=Regular%20Season&TeamID=1610612761&flag=3&sct=plot&section=game
131,/stats/events/?CFID=&CFPARAMS=&ContextMeasure=FGA&GameID=&PlayerID=0&Season=2014-15&SeasonType=Regular%20Season&TeamID=1610612761&flag=3&sct=plot&section=game
138,/stats/events/?CFID=&CFPARAMS=&ContextMeasure=TOV&GameID=&PlayerID=0&Season=2014-15&SeasonType=Regular%20Season&TeamID=1610612761&flag=1&sct=plot&section=game
143,/stats/events/?CFID=&CFPARAMS=&ContextMeasure=FGM&GameID=&PlayerID=0&Season=2014-15&SeasonType=Regular%20Season&TeamID=1610612764&flag=3&sct=plot&section=game
144,/stats/events/?CFID=&CFPARAMS=&ContextMeasure=FGA&GameID=&PlayerID=0&Season=2014-15&SeasonType=Regular%20Season&TeamID=1610612764&flag=3&sct=plot&section=game
151,/stats/events/?CFID=&CFPARAMS=&ContextMeasure=TOV&GameID=&PlayerID=0&Season=2014-15&SeasonType=Regular%20Season&TeamID=1610612764&flag=1&sct=plot&section=game
156,/stats/events/?CFID=&CFPARAMS=&ContextMeasure=FGM&GameID=&PlayerID=0&Season=2014-15&SeasonType=Regular%20Season&TeamID=1610612740&flag=3&sct=plot&section=game
157,/stats/events/?CFID=&CFPARAMS=&ContextMeasure=FGA&GameID=&PlayerID=0&Season=2014-15&SeasonType=Regular%20Season&TeamID=1610612740&flag=3&sct=plot&section=game
164,/stats/events/?CFID=&CFPARAMS=&ContextMeasure=TOV&GameID=&PlayerID=0&Season=2014-15&SeasonType=Regular%20Season&TeamID=1610612740&flag=1&sct=plot&section=game
169,/stats/events/?CFID=&CFPARAMS=&ContextMeasure=FGM&GameID=&PlayerID=0&Season=2014-15&SeasonType=Regular%20Season&TeamID=1610612760&flag=3&sct=plot&section=game
170,/stats/events/?CFID=&CFPARAMS=&ContextMeasure=FGA&GameID=&PlayerID=0&Season=2014-15&SeasonType=Regular%20Season&TeamID=1610612760&flag=3&sct=plot&section=game
177,/stats/events/?CFID=&CFPARAMS=&ContextMeasure=TOV&GameID=&PlayerID=0&Season=2014-15&SeasonType=Regular%20Season&TeamID=1610612760&flag=1&sct=plot&section=game
182,/stats/events/?CFID=&CFPARAMS=&ContextMeasure=FGM&GameID=&PlayerID=0&Season=2014-15&SeasonType=Regular%20Season&TeamID=1610612749&flag=3&sct=plot&section=game
183,/stats/events/?CFID=&CFPARAMS=&ContextMeasure=FGA&GameID=&PlayerID=0&Season=2014-15&SeasonType=Regular%20Season&TeamID=1610612749&flag=3&sct=plot&section=game
190,/stats/events/?CFID=&CFPARAMS=&ContextMeasure=TOV&GameID=&PlayerID=0&Season=2014-15&SeasonType=Regular%20Season&TeamID=1610612749&flag=1&sct=plot&section=game
195,/stats/events/?CFID=&CFPARAMS=&ContextMeasure=FGM&GameID=&PlayerID=0&Season=2014-15&SeasonType=Regular%20Season&TeamID=1610612738&flag=3&sct=plot&section=game
196,/stats/events/?CFID=&CFPARAMS=&ContextMeasure=FGA&GameID=&PlayerID=0&Season=2014-15&SeasonType=Regular%20Season&TeamID=1610612738&flag=3&sct=plot&section=game
203,/stats/events/?CFID=&CFPARAMS=&ContextMeasure=TOV&GameID=&PlayerID=0&Season=2014-15&SeasonType=Regular%20Season&TeamID=1610612738&flag=1&sct=plot&section=game
208,/stats/events/?CFID=&CFPARAMS=&ContextMeasure=FGM&GameID=&PlayerID=0&Season=2014-15&SeasonType=Regular%20Season&TeamID=1610612756&flag=3&sct=plot&section=game
209,/stats/events/?CFID=&CFPARAMS=&ContextMeasure=FGA&GameID=&PlayerID=0&Season=2014-15&SeasonType=Regular%20Season&TeamID=1610612756&flag=3&sct=plot&section=game
216,/stats/events/?CFID=&CFPARAMS=&ContextMeasure=TOV&GameID=&PlayerID=0&Season=2014-15&SeasonType=Regular%20Season&TeamID=1610612756&flag=1&sct=plot&section=game
221,/stats/events/?CFID=&CFPARAMS=&ContextMeasure=FGM&GameID=&PlayerID=0&Season=2014-15&SeasonType=Regular%20Season&TeamID=1610612751&flag=3&sct=plot&section=game
222,/stats/events/?CFID=&CFPARAMS=&ContextMeasure=FGA&GameID=&PlayerID=0&Season=2014-15&SeasonType=Regular%20Season&TeamID=1610612751&flag=3&sct=plot&section=game
229,/stats/events/?CFID=&CFPARAMS=&ContextMeasure=TOV&GameID=&PlayerID=0&Season=2014-15&SeasonType=Regular%20Season&TeamID=1610612751&flag=1&sct=plot&section=game
234,/stats/events/?CFID=&CFPARAMS=&ContextMeasure=FGM&GameID=&PlayerID=0&Season=2014-15&SeasonType=Regular%20Season&TeamID=1610612754&flag=3&sct=plot&section=game
235,/stats/events/?CFID=&CFPARAMS=&ContextMeasure=FGA&GameID=&PlayerID=0&Season=2014-15&SeasonType=Regular%20Season&TeamID=1610612754&flag=3&sct=plot&section=game
242,/stats/events/?CFID=&CFPARAMS=&ContextMeasure=TOV&GameID=&PlayerID=0&Season=2014-15&SeasonType=Regular%20Season&TeamID=1610612754&flag=1&sct=plot&section=game
247,/stats/events/?CFID=&CFPARAMS=&ContextMeasure=FGM&GameID=&PlayerID=0&Season=2014-15&SeasonType=Regular%20Season&TeamID=1610612762&flag=3&sct=plot&section=game
248,/stats/events/?CFID=&CFPARAMS=&ContextMeasure=FGA&GameID=&PlayerID=0&Season=2014-15&SeasonType=Regular%20Season&TeamID=1610612762&flag=3&sct=plot&section=game
255,/stats/events/?CFID=&CFPARAMS=&ContextMeasure=TOV&GameID=&PlayerID=0&Season=2014-15&SeasonType=Regular%20Season&TeamID=1610612762&flag=1&sct=plot&section=game
260,/stats/events/?CFID=&CFPARAMS=&ContextMeasure=FGM&GameID=&PlayerID=0&Season=2014-15&SeasonType=Regular%20Season&TeamID=1610612748&flag=3&sct=plot&section=game
261,/stats/events/?CFID=&CFPARAMS=&ContextMeasure=FGA&GameID=&PlayerID=0&Season=2014-15&SeasonType=Regular%20Season&TeamID=1610612748&flag=3&sct=plot&section=game
268,/stats/events/?CFID=&CFPARAMS=&ContextMeasure=TOV&GameID=&PlayerID=0&Season=2014-15&SeasonType=Regular%20Season&TeamID=1610612748&flag=1&sct=plot&section=game
273,/stats/events/?CFID=&CFPARAMS=&ContextMeasure=FGM&GameID=&PlayerID=0&Season=2014-15&SeasonType=Regular%20Season&TeamID=1610612766&flag=3&sct=plot&section=game
274,/stats/events/?CFID=&CFPARAMS=&ContextMeasure=FGA&GameID=&PlayerID=0&Season=2014-15&SeasonType=Regular%20Season&TeamID=1610612766&flag=3&sct=plot&section=game
281,/stats/events/?CFID=&CFPARAMS=&ContextMeasure=TOV&GameID=&PlayerID=0&Season=2014-15&SeasonType=Regular%20Season&TeamID=1610612766&flag=1&sct=plot&section=game
286,/stats/events/?CFID=&CFPARAMS=&ContextMeasure=FGM&GameID=&PlayerID=0&Season=2014-15&SeasonType=Regular%20Season&TeamID=1610612765&flag=3&sct=plot&section=game
287,/stats/events/?CFID=&CFPARAMS=&ContextMeasure=FGA&GameID=&PlayerID=0&Season=2014-15&SeasonType=Regular%20Season&TeamID=1610612765&flag=3&sct=plot&section=game
294,/stats/events/?CFID=&CFPARAMS=&ContextMeasure=TOV&GameID=&PlayerID=0&Season=2014-15&SeasonType=Regular%20Season&TeamID=1610612765&flag=1&sct=plot&section=game
299,/stats/events/?CFID=&CFPARAMS=&ContextMeasure=FGM&GameID=&PlayerID=0&Season=2014-15&SeasonType=Regular%20Season&TeamID=1610612743&flag=3&sct=plot&section=game
300,/stats/events/?CFID=&CFPARAMS=&ContextMeasure=FGA&GameID=&PlayerID=0&Season=2014-15&SeasonType=Regular%20Season&TeamID=1610612743&flag=3&sct=plot&section=game
307,/stats/events/?CFID=&CFPARAMS=&ContextMeasure=TOV&GameID=&PlayerID=0&Season=2014-15&SeasonType=Regular%20Season&TeamID=1610612743&flag=1&sct=plot&section=game
312,/stats/events/?CFID=&CFPARAMS=&ContextMeasure=FGM&GameID=&PlayerID=0&Season=2014-15&SeasonType=Regular%20Season&TeamID=1610612758&flag=3&sct=plot&section=game
313,/stats/events/?CFID=&CFPARAMS=&ContextMeasure=FGA&GameID=&PlayerID=0&Season=2014-15&SeasonType=Regular%20Season&TeamID=1610612758&flag=3&sct=plot&section=game
320,/stats/events/?CFID=&CFPARAMS=&ContextMeasure=TOV&GameID=&PlayerID=0&Season=2014-15&SeasonType=Regular%20Season&TeamID=1610612758&flag=1&sct=plot&section=game
325,/stats/events/?CFID=&CFPARAMS=&ContextMeasure=FGM&GameID=&PlayerID=0&Season=2014-15&SeasonType=Regular%20Season&TeamID=1610612753&flag=3&sct=plot&section=game
326,/stats/events/?CFID=&CFPARAMS=&ContextMeasure=FGA&GameID=&PlayerID=0&Season=2014-15&SeasonType=Regular%20Season&TeamID=1610612753&flag=3&sct=plot&section=game
333,/stats/events/?CFID=&CFPARAMS=&ContextMeasure=TOV&GameID=&PlayerID=0&Season=2014-15&SeasonType=Regular%20Season&TeamID=1610612753&flag=1&sct=plot&section=game
338,/stats/events/?CFID=&CFPARAMS=&ContextMeasure=FGM&GameID=&PlayerID=0&Season=2014-15&SeasonType=Regular%20Season&TeamID=1610612747&flag=3&sct=plot&section=game
339,/stats/events/?CFID=&CFPARAMS=&ContextMeasure=FGA&GameID=&PlayerID=0&Season=2014-15&SeasonType=Regular%20Season&TeamID=1610612747&flag=3&sct=plot&section=game
346,/stats/events/?CFID=&CFPARAMS=&ContextMeasure=TOV&GameID=&PlayerID=0&Season=2014-15&SeasonType=Regular%20Season&TeamID=1610612747&flag=1&sct=plot&section=game
351,/stats/events/?CFID=&CFPARAMS=&ContextMeasure=FGM&GameID=&PlayerID=0&Season=2014-15&SeasonType=Regular%20Season&TeamID=1610612755&flag=3&sct=plot&section=game
352,/stats/events/?CFID=&CFPARAMS=&ContextMeasure=FGA&GameID=&PlayerID=0&Season=2014-15&SeasonType=Regular%20Season&TeamID=1610612755&flag=3&sct=plot&section=game
359,/stats/events/?CFID=&CFPARAMS=&ContextMeasure=TOV&GameID=&PlayerID=0&Season=2014-15&SeasonType=Regular%20Season&TeamID=1610612755&flag=1&sct=plot&section=game
364,/stats/events/?CFID=&CFPARAMS=&ContextMeasure=FGM&GameID=&PlayerID=0&Season=2014-15&SeasonType=Regular%20Season&TeamID=1610612752&flag=3&sct=plot&section=game
365,/stats/events/?CFID=&CFPARAMS=&ContextMeasure=FGA&GameID=&PlayerID=0&Season=2014-15&SeasonType=Regular%20Season&TeamID=1610612752&flag=3&sct=plot&section=game
372,/stats/events/?CFID=&CFPARAMS=&ContextMeasure=TOV&GameID=&PlayerID=0&Season=2014-15&SeasonType=Regular%20Season&TeamID=1610612752&flag=1&sct=plot&section=game
377,/stats/events/?CFID=&CFPARAMS=&ContextMeasure=FGM&GameID=&PlayerID=0&Season=2014-15&SeasonType=Regular%20Season&TeamID=1610612750&flag=3&sct=plot&section=game
378,/stats/events/?CFID=&CFPARAMS=&ContextMeasure=FGA&GameID=&PlayerID=0&Season=2014-15&SeasonType=Regular%20Season&TeamID=1610612750&flag=3&sct=plot&section=game
385,/stats/events/?CFID=&CFPARAMS=&ContextMeasure=TOV&GameID=&PlayerID=0&Season=2014-15&SeasonType=Regular%20Season&TeamID=1610612750&flag=1&sct=plot&section=game
